target_role,n,unweighted_mean_loss
TSS,5242,6.265842892249456
D,12166,1.9761127438642854
A,12162,4.910524452838891
PAS,5248,7.017658773309937
