target_role,n,unweighted_mean_loss
TSS,5242,6.306897704062776
D,12166,1.829888339066154
A,12162,3.717424888774253
PAS,5248,6.934265622062745
